revision,layout,stage,B,M,K,N,launches,resident_median_us,resident_p10_us,resident_p90_us,e2e_median_us,e2e_p10_us,e2e_p90_us,max_abs_error
before,batch,3,1,128,128,384,2,8.839,8.832,8.864,116.625,113.639,120.490,0.0005069077
after,batch,3,1,128,128,384,1,7.072,7.040,7.078,114.104,111.096,118.178,0.0005069077
after,flat,3,1,128,128,384,1,6.272,6.240,6.304,114.647,112.924,119.837,0.0005069077
before,batch,3,1,128,128,768,2,13.408,13.376,13.472,186.832,183.652,194.466,0.00067570806
after,batch,3,1,128,128,768,1,10.106,10.080,10.141,189.593,185.962,193.214,0.00067570806
after,flat,3,1,128,128,768,1,8.800,8.769,8.832,189.695,185.547,196.029,0.00067570806
before,batch,3,1,128,128,1536,2,20.473,20.448,20.504,338.190,334.650,346.755,0.0006468892
after,batch,3,1,128,128,1536,1,17.216,17.188,17.248,364.566,348.344,395.531,0.0006468892
after,flat,3,1,128,128,1536,1,14.848,14.812,14.874,334.746,329.107,347.280,0.0006468892
before,batch,3,1,128,256,384,2,12.064,12.032,12.068,148.225,146.021,154.080,0.00038659573
after,batch,3,1,128,256,384,1,10.208,10.176,10.240,149.188,145.728,152.172,0.00038659573
after,flat,3,1,128,256,384,1,9.438,9.408,9.440,152.888,146.970,163.698,0.00038659573
before,batch,3,1,128,256,768,2,18.272,18.240,18.336,256.097,251.765,265.609,0.00048798323
after,batch,3,1,128,256,768,1,14.908,14.880,14.939,247.186,243.273,256.019,0.00048798323
after,flat,3,1,128,256,768,1,13.760,13.734,13.824,244.226,240.614,249.202,0.00048798323
before,batch,3,1,128,256,1536,2,29.280,29.248,29.376,426.914,422.670,446.015,0.00048017502
after,batch,3,1,128,256,1536,1,25.920,25.888,26.013,424.794,418.454,444.394,0.00048017502
after,flat,3,1,128,256,1536,1,23.652,23.643,23.704,421.284,418.013,429.720,0.00048017502
before,batch,3,1,128,512,384,2,18.400,18.372,18.432,212.440,207.954,223.491,0.00043094158
after,batch,3,1,128,512,384,1,16.576,16.544,16.639,209.318,207.391,212.144,0.00043094158
after,flat,3,1,128,512,384,1,15.875,15.864,15.904,212.019,207.988,230.751,0.00043094158
before,batch,3,1,128,512,768,2,27.936,27.933,28.000,348.097,344.440,352.069,0.00049221516
after,batch,3,1,128,512,768,1,24.672,24.608,24.704,337.247,333.728,340.104,0.00049221516
after,flat,3,1,128,512,768,1,23.817,23.776,23.866,338.174,331.422,341.903,0.00049221516
before,batch,3,1,128,512,1536,2,46.752,46.720,46.816,566.958,564.048,570.975,0.0005957484
after,batch,3,1,128,512,1536,1,43.513,43.488,43.552,570.070,563.527,582.359,0.0005957484
after,flat,3,1,128,512,1536,1,41.600,41.568,41.664,561.509,556.967,570.444,0.0005957484
before,batch,3,2,128,128,384,3,14.624,14.624,14.656,173.787,168.958,181.095,0.0005069077
after,batch,3,2,128,128,384,1,21.248,21.242,21.278,176.274,174.831,179.879,0.0005069077
after,flat,3,2,128,128,384,1,8.793,8.768,8.800,162.634,160.444,164.692,0.0005069077
before,batch,3,2,128,128,768,3,20.058,20.032,20.064,289.484,287.428,293.929,0.00067570806
after,batch,3,2,128,128,768,1,36.128,36.096,36.186,313.075,309.722,317.341,0.00067570806
after,flat,3,2,128,128,768,1,14.816,14.816,14.848,292.540,289.614,296.754,0.00067570806
before,batch,3,2,128,128,1536,3,34.144,34.112,34.239,511.759,506.706,517.097,0.0006468892
after,batch,3,2,128,128,1536,1,62.144,62.080,62.176,543.679,540.808,547.473,0.0006468892
after,flat,3,2,128,128,1536,1,24.992,24.992,25.024,500.957,497.192,504.397,0.0006468892
before,batch,3,2,128,256,384,3,19.963,19.936,19.973,205.429,202.095,210.995,0.00038659573
after,batch,3,2,128,256,384,1,36.448,36.416,36.512,225.709,222.914,228.881,0.00038659573
after,flat,3,2,128,256,384,1,13.117,13.056,13.148,203.553,198.574,206.046,0.00038659573
before,batch,3,2,128,256,768,3,28.256,28.224,28.293,355.096,351.109,359.132,0.00048798323
after,batch,3,2,128,256,768,1,66.272,66.238,66.336,396.305,390.061,401.087,0.00048798323
after,flat,3,2,128,256,768,1,21.536,21.504,21.600,352.295,346.925,356.006,0.00048798323
before,batch,3,2,128,256,1536,3,47.040,46.981,47.136,601.655,598.521,604.863,0.00048017502
after,batch,3,2,128,256,1536,1,109.795,109.755,110.205,677.276,673.365,685.348,0.00048017502
after,flat,3,2,128,256,1536,1,38.912,38.880,38.970,604.913,601.357,620.238,0.00048017502
before,batch,3,2,128,512,384,3,30.688,30.656,30.720,287.128,284.561,292.622,0.00043094158
after,batch,3,2,128,512,384,1,72.608,72.576,72.672,328.925,324.939,332.700,0.00043094158
after,flat,3,2,128,512,384,1,23.847,23.804,23.936,275.554,272.546,279.125,0.00043094158
before,batch,3,2,128,512,768,3,49.088,49.054,49.158,470.834,467.928,478.025,0.00049221516
after,batch,3,2,128,512,768,1,126.398,126.336,126.432,542.610,540.319,554.257,0.00049221516
after,flat,3,2,128,512,768,1,41.632,41.600,41.728,456.210,451.303,462.093,0.00049221516
before,batch,3,2,128,512,1536,3,86.685,86.623,86.720,780.322,778.725,786.233,0.0005957484
after,batch,3,2,128,512,1536,1,231.391,211.133,231.483,910.803,898.357,937.766,0.0005957484
after,flat,3,2,128,512,1536,1,68.800,68.736,68.896,761.746,756.184,767.387,0.0005957484
before,batch,3,8,128,128,384,9,46.144,46.081,46.176,500.085,495.558,509.960,0.0005069077
after,batch,3,8,128,128,384,1,59.585,59.552,59.648,541.610,537.037,548.170,0.0005069077
after,flat,3,8,128,128,384,1,26.368,26.336,26.432,508.477,504.441,514.607,0.0005069077
before,batch,3,8,128,128,768,9,74.464,74.400,74.496,886.152,879.081,899.742,0.00067570806
after,batch,3,8,128,128,768,1,123.964,123.904,124.032,888.537,880.451,909.847,0.00067570806
after,flat,3,8,128,128,768,1,47.392,47.385,47.456,849.675,840.473,873.211,0.00067570806
before,batch,3,8,128,128,1536,9,122.784,122.727,122.878,1731.525,1713.663,1754.575,0.0006468892
after,batch,3,8,128,128,1536,1,232.544,232.512,232.601,1688.291,1656.561,1796.269,0.0006468892
after,flat,3,8,128,128,1536,1,86.300,86.240,86.437,1657.002,1644.879,1673.329,0.0006468892
before,batch,3,8,128,256,384,9,69.472,69.405,69.535,596.299,592.514,601.333,0.00038659573
after,batch,3,8,128,256,384,1,109.824,109.760,109.920,660.599,654.930,663.871,0.00038659573
after,flat,3,8,128,256,384,1,38.913,38.880,38.944,592.256,586.228,598.545,0.00038659573
before,batch,3,8,128,256,768,9,103.006,102.906,103.078,1026.674,1017.246,1034.313,0.00048798323
after,batch,3,8,128,256,768,1,229.280,229.184,229.408,1054.002,1045.179,1063.909,0.00048798323
after,flat,3,8,128,256,768,1,73.152,73.120,73.182,939.667,930.364,984.110,0.00048798323
before,batch,3,8,128,256,1536,9,179.995,179.808,180.704,1985.215,1948.149,2090.949,0.00048017502
after,batch,3,8,128,256,1536,1,409.886,406.752,410.011,1932.584,1917.531,1988.211,0.00048017502
after,flat,3,8,128,256,1536,1,141.760,141.691,141.824,1831.666,1801.061,1924.460,0.00048017502
before,batch,3,8,128,512,384,9,115.680,115.644,115.718,754.012,750.824,756.448,0.00043094158
after,batch,3,8,128,512,384,1,210.599,210.525,211.774,848.256,843.802,856.341,0.00043094158
after,flat,3,8,128,512,384,1,68.928,68.891,68.992,708.217,703.989,713.339,0.00043094158
before,batch,3,8,128,512,768,9,173.664,173.534,174.656,1229.584,1221.303,1242.946,0.00049221516
after,batch,3,8,128,512,768,1,403.300,401.180,404.636,1410.357,1401.869,1427.968,0.00049221516
after,flat,3,8,128,512,768,1,130.144,130.016,130.176,1133.310,1119.374,1145.800,0.00049221516
before,batch,3,8,128,512,1536,9,308.088,307.808,309.050,2373.394,2342.073,2425.926,0.0005957484
after,batch,3,8,128,512,1536,1,789.792,785.344,789.975,2611.128,2570.960,2692.132,0.0005957484
after,flat,3,8,128,512,1536,1,254.048,253.310,255.357,2051.956,2005.327,2192.291,0.0005957484
