variant,mode,stage,b,m,k,n,launches,resident_p50_us,resident_p10_us,resident_p90_us,e2e_p50_us,e2e_p10_us,e2e_p90_us,max_error,compile_us,index_optimization_us,intermediate_bytes
before,batch,3,1,128,128,384,1,7.072,7.040,7.097,115.144,112.565,118.165,0.0005069077,754.607,0,0
after,batch,3,1,128,128,384,1,5.376,5.344,5.404,113.218,111.222,116.603,0.0005069077,36188.314,792.819,0
after,batch,3,1,128,128,768,1,7.168,7.137,7.199,187.765,184.098,189.919,0.00067570806,27772.414,772.891,0
before,batch,3,1,128,128,768,1,10.141,10.112,10.151,188.198,185.246,191.246,0.00067570806,8691.852,0,0
before,batch,3,1,128,128,1536,1,17.273,17.246,17.280,335.484,331.048,343.956,0.0006468892,8580.442,0,0
after,batch,3,1,128,128,1536,1,11.833,11.776,11.910,329.689,325.399,332.897,0.0006468892,35574.004,766.419,0
after,batch,3,1,128,256,384,1,8.635,8.608,8.640,146.807,144.209,149.755,0.00038659573,28075.787,787.599,0
before,batch,3,1,128,256,384,1,10.207,10.176,10.237,146.625,145.976,148.769,0.00038659573,745.890,0,0
before,batch,3,1,128,256,768,1,14.944,14.918,14.976,245.065,241.565,250.425,0.00048798323,8602.213,0,0
after,batch,3,1,128,256,768,1,12.025,11.968,12.038,239.100,235.377,241.326,0.00048798323,27584.859,778.532,0
after,batch,3,1,128,256,1536,1,20.544,20.512,20.576,446.374,439.575,466.500,0.00048017502,30176.911,788.060,0
before,batch,3,1,128,256,1536,1,25.959,25.920,26.016,452.319,444.667,483.628,0.00048017502,957.550,0,0
before,batch,3,1,128,512,384,1,16.608,16.576,16.640,208.011,205.845,211.434,0.00043094158,8670.272,0,0
after,batch,3,1,128,512,384,1,15.072,15.040,15.106,207.122,204.266,210.187,0.00043094158,27563.249,770.567,0
after,batch,3,1,128,512,768,1,21.664,21.632,21.691,331.505,326.555,336.624,0.00049221516,28252.713,762.091,0
before,batch,3,1,128,512,768,1,24.736,24.704,24.800,339.299,334.466,346.403,0.00049221516,697.288,0,0
before,batch,3,1,128,512,1536,1,43.584,43.552,43.616,569.451,563.215,576.045,0.0005957484,805.322,0,0
after,batch,3,1,128,512,1536,1,37.792,37.760,37.920,574.674,567.074,592.847,0.0005957484,37363.157,790.234,0
after,batch,3,2,128,128,384,1,8.608,8.576,8.636,165.349,163.615,173.438,0.0005069077,28034.339,935.499,0
before,batch,3,2,128,128,384,1,21.280,21.216,21.312,175.732,172.765,189.336,0.0005069077,832.614,0,0
before,batch,3,2,128,128,768,1,36.096,36.064,36.154,324.940,313.086,331.080,0.00067570806,786.637,0,0
after,batch,3,2,128,128,768,1,13.216,13.184,13.248,297.985,295.140,301.412,0.00067570806,28147.444,874.984,0
after,batch,3,2,128,128,1536,1,23.997,23.936,24.064,503.818,498.214,511.242,0.0006468892,35550.319,866.237,0
before,batch,3,2,128,128,1536,1,65.436,65.408,65.472,547.537,543.057,557.843,0.0006468892,780.055,0,0
before,batch,3,2,128,256,384,1,38.339,38.304,38.400,228.965,226.647,238.072,0.00038659573,1490.848,0,0
after,batch,3,2,128,256,384,1,14.496,14.464,14.556,207.314,203.563,212.890,0.00038659573,28686.353,827.614,0
after,batch,3,2,128,256,768,1,22.877,22.848,22.912,355.280,350.230,360.744,0.00048798323,1988.269,827.605,0
before,batch,3,2,128,256,768,1,66.272,66.208,66.336,402.782,392.248,411.279,0.00048798323,552.595,0,0
before,batch,3,2,128,256,1536,1,120.608,120.576,120.672,713.274,695.248,725.221,0.00048017502,811.154,0,0
after,batch,3,2,128,256,1536,1,41.800,41.767,41.856,625.050,618.746,637.501,0.00048017502,28653.881,831.332,0
after,batch,3,2,128,512,384,1,26.208,26.176,26.304,284.390,280.224,288.451,0.00043094158,28393.830,880.876,0
before,batch,3,2,128,512,384,1,71.776,71.712,71.903,326.710,321.901,332.234,0.00043094158,8554.653,0,0
before,batch,3,2,128,512,768,1,124.921,124.800,124.992,542.175,531.535,553.358,0.00049221516,8567.016,0,0
after,batch,3,2,128,512,768,1,38.720,38.688,38.751,459.246,451.117,467.035,0.00049221516,28105.505,844.557,0
after,batch,3,2,128,512,1536,1,72.512,72.480,72.608,781.075,763.852,813.566,0.0005957484,30911.320,1046.779,0
before,batch,3,2,128,512,1536,1,212.488,211.712,213.246,911.333,905.854,924.945,0.0005957484,695.044,0,0
before,batch,3,8,128,128,384,1,59.616,59.552,59.680,546.888,543.219,554.386,0.0005069077,878.450,0,0
after,batch,3,8,128,128,384,1,21.853,21.824,21.856,507.089,501.727,515.683,0.0005069077,28448.343,811.304,0
after,batch,3,8,128,128,768,1,40.544,40.512,40.576,858.205,845.466,884.196,0.00067570806,28003.703,851.991,0
before,batch,3,8,128,128,768,1,123.904,123.808,123.968,881.016,871.828,898.537,0.00067570806,989.861,0,0
before,batch,3,8,128,128,1536,1,223.520,223.483,224.446,1639.245,1628.268,1747.614,0.0006468892,778.281,0,0
after,batch,3,8,128,128,1536,1,78.496,78.464,78.584,1699.369,1666.697,1777.587,0.0006468892,28416.443,829.799,0
after,batch,3,8,128,256,384,1,38.592,38.560,38.624,584.275,581.688,588.603,0.00038659573,28389.293,853.924,0
before,batch,3,8,128,256,384,1,109.824,109.760,109.888,663.420,659.972,665.526,0.00038659573,1273.026,0,0
before,batch,3,8,128,256,768,1,229.349,229.216,229.440,1050.889,1045.505,1071.185,0.00048798323,804.551,0,0
after,batch,3,8,128,256,768,1,72.288,72.288,72.320,935.515,924.847,960.937,0.00048798323,36023.616,814.770,0
after,batch,3,8,128,256,1536,1,140.224,140.128,140.768,1832.701,1767.155,1968.948,0.00048017502,28152.264,836.311,0
before,batch,3,8,128,256,1536,1,408.928,406.624,409.055,1925.334,1913.291,1969.560,0.00048017502,768.383,0,0
before,batch,3,8,128,512,384,1,210.592,210.462,211.808,849.744,844.537,856.748,0.00043094158,8626.399,0,0
after,batch,3,8,128,512,384,1,72.032,72.000,72.128,712.473,707.696,717.833,0.00043094158,28332.796,831.261,0
after,batch,3,8,128,512,768,1,135.488,135.424,135.580,1129.000,1120.202,1147.582,0.00049221516,35979.303,841.301,0
before,batch,3,8,128,512,768,1,403.360,400.797,404.480,1399.714,1392.689,1406.665,0.00049221516,821.092,0,0
before,batch,3,8,128,512,1536,1,789.696,785.504,789.861,2520.774,2506.336,2625.430,0.0005957484,782.710,0,0
after,batch,3,8,128,512,1536,1,265.024,263.656,265.152,2096.428,2025.858,2259.412,0.0005957484,27829.555,818.667,0
after,batch,3,3,128,256,768,1,31.296,31.264,31.328,453.061,448.560,458.280,0.00048798323,28239.570,823.097,0
before,batch,3,3,128,256,768,1,85.020,84.905,85.086,504.610,500.649,508.578,0.00048798323,39427.322,0,0
before,batch,3,5,128,256,768,1,134.592,134.464,135.165,712.162,706.596,722.145,0.00048798323,30476.389,0,0
after,batch,3,5,128,256,768,1,50.080,50.076,50.112,629.302,626.238,637.387,0.00048798323,27869.831,817.465,0
after,flat,3,2,128,256,768,1,20.540,20.480,20.576,348.753,344.147,355.678,0.00048798323,31150.514,786.367,0
before,flat,3,2,128,256,768,1,23.680,23.672,23.712,347.908,346.090,354.915,0.00048798323,690.315,0,0
before,batch,3,3,33,37,35,1,4.576,4.576,4.608,32.900,30.939,37.192,0.00027620792,30427.186,0,0
after,batch,3,3,33,37,35,1,2.976,2.975,3.008,30.099,29.698,30.894,0.00027620792,29148.428,803.419,0
