implementation,repeat,mode,sequence,head_width,causal,launches,resident_median_us,resident_p10_us,resident_p90_us,end_to_end_median_us,end_to_end_p10_us,end_to_end_p90_us,max_absolute_error,compile_us,index_optimization_us,intermediate_bytes
checkpoint,0,Online,64,32,false,1,16.792,16.768,16.868,44.795,44.172,46.700,0.000000052154064,3480.232,933.448,0
generic,0,Online,64,32,false,1,12.634,12.608,12.640,42.777,40.619,44.400,0.000000052154064,3773.518,1280.355,0
generic,1,Online,64,32,false,1,12.633,12.608,12.640,42.705,41.292,44.252,0.000000052154064,2773.133,1246.341,0
checkpoint,1,Online,64,32,false,1,16.769,16.763,16.831,44.536,44.019,45.636,0.000000052154064,2357.235,909.763,0
checkpoint,2,Online,64,32,false,1,16.798,16.768,16.896,45.097,44.280,46.338,0.000000052154064,2438.438,947.625,0
generic,2,Online,64,32,false,1,12.637,12.608,12.736,42.164,39.892,44.278,0.000000052154064,2773.323,1298.089,0
checkpoint,0,Online,128,64,false,1,37.920,37.917,38.040,73.121,69.864,81.146,0.000000067055225,3372.077,916.365,0
generic,0,Online,128,64,false,1,29.984,29.955,30.016,66.410,63.224,68.241,0.000000067055225,10915.906,1233.486,0
generic,1,Online,128,64,false,1,29.984,29.952,30.008,65.763,63.248,70.465,0.000000067055225,2882.359,1245.489,0
checkpoint,1,Online,128,64,false,1,37.948,37.919,38.048,72.299,70.453,74.056,0.000000067055225,2587.591,963.655,0
checkpoint,2,Online,128,64,false,1,37.952,37.920,38.048,75.609,74.748,78.280,0.000000067055225,2557.985,958.235,0
generic,2,Online,128,64,false,1,29.984,29.956,30.016,65.011,62.214,68.115,0.000000067055225,2928.377,1224.790,0
checkpoint,0,Online,256,64,false,1,86.176,86.120,86.272,131.786,129.980,134.900,0.00000011920929,10989.515,905.655,0
generic,0,Online,256,64,false,1,69.856,69.823,69.888,116.144,114.958,119.979,0.00000011920929,3465.864,1282.590,0
generic,1,Online,256,64,false,1,69.856,69.822,69.952,116.615,114.821,122.404,0.00000011920929,3248.863,1268.704,0
checkpoint,1,Online,256,64,false,1,86.176,86.112,86.272,133.717,131.008,138.895,0.00000011920929,2824.751,916.295,0
checkpoint,2,Online,256,64,false,1,86.185,86.116,86.240,147.303,143.961,154.142,0.00000011920929,2819.821,912.378,0
generic,2,Online,256,64,false,1,69.892,69.856,69.984,117.879,115.200,127.039,0.00000011920929,3450.526,1344.025,0
checkpoint,0,Online,512,64,false,1,198.458,198.272,198.758,289.017,278.183,298.996,0.000000230968,3820.236,940.110,0
generic,0,Online,512,64,false,1,158.016,157.952,158.116,252.777,251.354,256.466,0.000000230968,4588.191,1507.456,0
generic,1,Online,512,64,false,1,158.048,157.984,158.144,247.681,244.768,251.985,0.000000230968,3882.233,1292.307,0
checkpoint,1,Online,512,64,false,1,184.320,184.231,184.549,271.719,268.593,273.791,0.000000230968,3539.264,915.845,0
checkpoint,2,Online,512,64,false,1,184.352,184.224,184.801,270.603,267.080,277.019,0.000000230968,3464.893,917.869,0
generic,2,Online,512,64,false,1,157.952,157.792,158.040,245.521,241.772,251.500,0.000000230968,3795.229,1257.692,0
checkpoint,0,Online,128,64,true,1,34.656,34.624,34.720,79.080,76.118,82.781,0.000000052154064,3025.140,1039.670,0
generic,0,Online,128,64,true,1,27.136,27.104,27.160,72.073,69.157,76.112,0.000000052154064,4540.310,2097.352,0
generic,1,Online,128,64,true,1,26.976,26.944,27.002,68.259,65.913,71.856,0.000000052154064,2968.593,1299.592,0
checkpoint,1,Online,128,64,true,1,34.650,34.624,34.656,76.743,74.203,80.671,0.000000052154064,2571.230,951.021,0
checkpoint,2,Online,128,64,true,1,34.624,34.624,34.685,78.016,74.930,82.901,0.000000052154064,2597.109,937.646,0
generic,2,Online,128,64,true,1,26.976,26.948,27.007,69.179,65.540,72.543,0.000000052154064,3000.453,1297.157,0
checkpoint,0,Online,256,64,true,1,86.592,86.553,86.688,170.264,168.146,174.687,0.00000011920929,3071.287,947.725,0
generic,0,Online,256,64,true,1,69.920,69.856,69.984,152.976,150.786,158.662,0.00000011920929,3457.409,1306.194,0
generic,1,Online,256,64,true,1,69.893,69.856,69.984,150.563,149.720,157.647,0.00000011920929,3328.865,1315.462,0
checkpoint,1,Online,256,64,true,1,86.591,86.528,86.656,168.706,167.014,174.314,0.00000011920929,2843.045,937.105,0
checkpoint,2,Online,256,64,true,1,86.587,86.528,86.619,167.808,166.457,170.769,0.00000011920929,2867.151,935.101,0
generic,2,Online,256,64,true,1,69.912,69.888,70.016,152.371,150.762,159.703,0.00000011920929,3324.738,1313.969,0
