mode,sequence,head_width,causal,launches,resident_median_us,resident_p10_us,resident_p90_us,end_to_end_median_us,end_to_end_p10_us,end_to_end_p90_us,max_absolute_error,compile_us,index_optimization_us,intermediate_bytes
Strict,64,32,false,13,28.510,28.474,28.544,63.236,62.464,64.460,0.000000037252903,10891.092,893.081,140032
DeterministicTree,64,32,false,13,28.672,28.480,29.280,66.147,63.602,69.606,0.000000037252903,3403.515,1207.837,140032
Online,64,32,false,1,16.768,16.736,16.870,45.055,44.625,46.254,0.000000052154064,99645.438,906.867,0
Strict,128,64,false,13,40.576,40.519,40.731,82.446,78.194,84.073,0.000000029802322,3763.025,913.019,558592
DeterministicTree,128,64,false,13,40.546,40.517,40.585,82.117,78.493,83.825,0.000000029802322,3259.191,917.537,558592
Online,128,64,false,1,37.920,37.914,37.952,71.185,70.648,74.732,0.000000067055225,71585.658,917.107,0
Strict,256,64,false,13,85.632,85.564,85.696,136.507,134.549,137.749,0.000000059604645,4394.360,908.670,2165760
DeterministicTree,256,64,false,13,85.598,85.563,85.632,136.817,134.382,137.989,0.000000059604645,4157.532,906.016,2165760
Online,256,64,false,1,86.144,86.080,86.203,133.000,130.551,137.767,0.00000011920929,3261.405,911.797,0
Strict,512,64,false,13,250.368,250.144,274.172,340.158,337.407,343.334,0.00000008195639,6640.374,911.506,8525824
DeterministicTree,512,64,false,13,247.871,247.831,247.936,338.878,332.403,341.982,0.00000008195639,5719.810,902.629,8525824
Online,512,64,false,1,184.320,184.224,184.410,269.562,267.801,271.745,0.000000230968,71292.582,907.348,0
Strict,128,64,true,14,38.016,37.984,38.055,91.125,86.103,93.944,0.000000044703484,3705.145,967.111,624128
DeterministicTree,128,64,true,14,38.016,37.960,38.049,90.311,86.774,93.451,0.000000044703484,3309.817,952.173,624128
Online,128,64,true,1,34.624,34.624,34.654,76.401,74.048,81.162,0.000000052154064,71119.935,959.016,0
Strict,256,64,true,14,78.784,78.752,78.879,168.756,166.393,172.302,0.000000052154064,4458.693,969.315,2427904
DeterministicTree,256,64,true,14,78.784,78.752,78.816,168.958,166.451,174.126,0.000000052154064,4225.301,947.263,2427904
Online,256,64,true,1,86.560,86.527,86.776,168.804,167.036,173.392,0.00000011920929,78687.213,931.223,0
